{"0": {"filepath": "/home/stephan/Desktop/students_10.05._old/Bachelorkurs_2023/Coverslip2 evoked spontan R2 ttx.stk", "shape": [3000, 512, 512], "mean": 2831.030677875519, "std": 67.011757646765}, "1": {"filepath": "/home/stephan/Desktop/students_10.05._old/Bachelorkurs_2023/Coverslip2 evoked spontan R6 ttx.stk", "shape": [3000, 512, 512], "mean": 2854.40308910497, "std": 88.29525150342978}, "2": {"filepath": "/home/stephan/Desktop/students_10.05._old/Bachelorkurs_2023/Coverslip2 evoked spontan R8 ttx.stk", "shape": [3000, 512, 512], "mean": 2867.163163581848, "std": 81.29845393015307}, "3": {"filepath": "/home/stephan/Desktop/students_10.05._old/Bachelorkurs_2023/Coverslip2 evoked spontan R1 ttx.stk", "shape": [3000, 248, 257], "mean": 2824.479546399732, "std": 40.68839222482804}, "4": {"filepath": "/home/stephan/Desktop/students_10.05._old/Bachelorkurs_2023/Coverslip2 evoked spontan R9 ttx.stk", "shape": [3000, 512, 512], "mean": 2828.1376566289264, "std": 49.67706816709231}, "5": {"filepath": "/home/stephan/Desktop/students_10.05._old/Bachelorkurs_2023/Coverslip2 evoked spontan R7 ttx.stk", "shape": [3000, 512, 512], "mean": 2896.347056561788, "std": 97.68367908441759}, "6": {"filepath": "/home/stephan/Desktop/students_10.05._old/Bachelorkurs_2023/Coverslip2 evoked spontan R10 ttx more Ca.stk", "shape": [3000, 512, 512], "mean": 2882.7610130818684, "std": 90.55481804000287}, "7": {"filepath": "/home/stephan/Desktop/students_10.05._old/Bachelorkurs_2023/Coverslip1 evoked spontan R2.stk", "shape": [3000, 366, 362], "mean": 2817.7756579617385, "std": 76.84479189921257}, "8": {"filepath": "/home/stephan/Desktop/students_10.05._old/Bachelorkurs_2023/Coverslip2 evoked spontan R11 ttx more Ca.stk", "shape": [3000, 512, 512], "mean": 2856.9382356630963, "std": 84.31256582137613}, "9": {"filepath": "/home/stephan/Desktop/students_10.05._old/Bachelorkurs_2023/Coverslip2 evoked spontan R3 ttx.stk", "shape": [3000, 512, 512], "mean": 2860.9597360331218, "std": 80.20603151773969}, "10": {"filepath": "/home/stephan/Desktop/students_10.05._old/Bachelorkurs_2023/Coverslip2 evoked spontan R12 ttx more Ca.stk", "shape": [3000, 512, 512], "mean": 2855.905189201355, "std": 59.633067085469925}, "11": {"filepath": "/home/stephan/Desktop/students_10.05._old/Bachelorkurs_2023/Coverslip1 evoked spontan R1.stk", "shape": [3000, 449, 272], "mean": 2766.937587307306, "std": 71.06988363172351}, "12": {"filepath": "/home/stephan/Desktop/students_10.05._old/Bachelorkurs_2023/Coverslip2 evoked spontan R5 ttx.stk", "shape": [3000, 512, 512], "mean": 2848.283877061208, "std": 81.25074168075987}, "13": {"filepath": "/home/stephan/Desktop/students_10.05._old/Bachelorkurs_2023/Coverslip1 evoked spontan R2 ttx.stk", "shape": [3000, 366, 362], "mean": 2874.737159078787, "std": 124.03848117969683}, "14": {"filepath": "/home/stephan/Desktop/students_10.05._old/Bachelorkurs_2023/Coverslip2 evoked spontan R4 ttx.stk", "shape": [3000, 512, 512], "mean": 2859.254184112549, "std": 89.94818133482283}, "15": {"filepath": "/home/stephan/Desktop/students_10.05._old/23-05-08/CS1_R1_stim_1 (copy).stk", "shape": [3000, 307, 271], "mean": 2756.8136132913446, "std": 52.58509423834953}, "16": {"filepath": "/home/stephan/Desktop/students_10.05._old/23-05-08/CS1_R1_stim_3.stk", "shape": [3000, 410, 435], "mean": 2931.04467799458, "std": 190.6987179506805}, "17": {"filepath": "/home/stephan/Desktop/students_10.05._old/23-05-08/CS1_R1_stim_1.stk", "shape": [3000, 307, 271], "mean": 2756.8136132913446, "std": 52.58509423834953}, "18": {"filepath": "/home/stephan/Desktop/students_10.05._old/23-05-08/CS1_R1_stim_2.stk", "shape": [3000, 275, 232], "mean": 2863.004994858934, "std": 122.8758984498515}, "19": {"filepath": "/home/stephan/Desktop/students_10.05._old/23-05-08/CS1_R5_stim_3_TTX.stk", "shape": [3000, 410, 435], "mean": 2916.286310518643, "std": 141.17264477754907}, "20": {"filepath": "/home/stephan/Desktop/students_10.05._old/23-05-08/CS1_R1_stim_3_TTX.stk", "shape": [3000, 410, 435], "mean": 2929.5569917783387, "std": 156.34149556817448}, "21": {"filepath": "/home/stephan/Desktop/students_10.05._old/23-05-08/CS1_R3_stim_3_TTX.stk", "shape": [3000, 410, 435], "mean": 2986.8137812129708, "std": 248.08510010711535}, "22": {"filepath": "/home/stephan/Desktop/students_10.05._old/23-05-08/CS1_R4_stim_3_TTX.stk", "shape": [3000, 410, 435], "mean": 2890.480505242501, "std": 181.26649958611787}, "23": {"filepath": "/home/stephan/Desktop/students_10.05._old/23-05-08/CS1_R2_stim_3_TTX.stk", "shape": [3000, 410, 435], "mean": 2918.588644851883, "std": 150.38239270489}, "24": {"filepath": "/home/stephan/Desktop/students_16.05./23-05-15/Coverslip1 evoked spontan 3,5 Ca R12.stk", "shape": [3000, 460, 412], "mean": 2864.212113333685, "std": 72.13269138198366}, "25": {"filepath": "/home/stephan/Desktop/students_16.05./23-05-15/Coverslip1 evoked spontan TTX R8.stk", "shape": [3000, 460, 412], "mean": 2833.929179836781, "std": 61.76874162856977}, "26": {"filepath": "/home/stephan/Desktop/students_16.05./23-05-15/Coverslip1 evoked spontan Dentriten und Axone R2.stk", "shape": [3000, 460, 412], "mean": 2809.9868394311948, "std": 79.81130006846877}, "27": {"filepath": "/home/stephan/Desktop/students_16.05./23-05-15/Coverslip1 evoked spontan R4.stk", "shape": [3000, 460, 412], "mean": 2890.2793098072325, "std": 136.77771928924548}, "28": {"filepath": "/home/stephan/Desktop/students_16.05./23-05-15/Coverslip1 evoked spontan TTX R10.stk", "shape": [3000, 460, 412], "mean": 2799.824648042423, "std": 41.18297447573218}, "29": {"filepath": "/home/stephan/Desktop/students_16.05./23-05-15/Coverslip1 evoked spontan TTX R7.stk", "shape": [3000, 460, 412], "mean": 2808.6840674933164, "std": 42.46161494299226}, "30": {"filepath": "/home/stephan/Desktop/students_16.05./23-05-15/Coverslip1 evoked spontan 3,5 Ca R17.stk", "shape": [3000, 460, 412], "mean": 2883.9364335514283, "std": 74.12141391267474}, "31": {"filepath": "/home/stephan/Desktop/students_16.05./23-05-15/Coverslip1 evoked spontan 3,5 Ca Axon R15.stk", "shape": [3000, 460, 412], "mean": 2850.7890133160968, "std": 54.53734952354037}, "32": {"filepath": "/home/stephan/Desktop/students_16.05./23-05-15/Coverslip1 evoked spontan TTX R11.stk", "shape": [3000, 460, 412], "mean": 2871.7023233150417, "std": 125.20097592609332}, "33": {"filepath": "/home/stephan/Desktop/students_16.05./23-05-15/Coverslip1 evoked spontan TTX R9.stk", "shape": [3000, 460, 412], "mean": 2918.7798605670464, "std": 121.71019707460377}, "34": {"filepath": "/home/stephan/Desktop/students_16.05./23-05-15/Coverslip1 evoked spontan R6.stk", "shape": [3000, 460, 412], "mean": 2818.320990931476, "std": 58.853228318843584}, "35": {"filepath": "/home/stephan/Desktop/students_16.05./23-05-15/Coverslip1 evoked spontan R5.stk", "shape": [3000, 460, 412], "mean": 2826.2197042106372, "std": 74.34422457284238}, "36": {"filepath": "/home/stephan/Desktop/students_16.05./23-05-15/Coverslip1 evoked spontan 3,5 Ca TTX R19.stk", "shape": [3000, 460, 412], "mean": 2915.536405842831, "std": 152.61851698664765}, "37": {"filepath": "/home/stephan/Desktop/students_16.05./23-05-15/Coverslip1 evoked spontan 3,5 Ca R13.stk", "shape": [3000, 460, 412], "mean": 2961.4264667088787, "std": 157.4892568790412}, "38": {"filepath": "/home/stephan/Desktop/students_16.05./23-05-15/Coverslip1 evoked spontan R1.stk", "shape": [3000, 460, 412], "mean": 2778.1137504889543, "std": 70.51438572462276}, "39": {"filepath": "/home/stephan/Desktop/students_16.05./23-05-15/Coverslip1 evoked spontan 3,5 Ca Axon R16.stk", "shape": [3000, 460, 412], "mean": 2992.27983548614, "std": 113.47765571067345}, "40": {"filepath": "/home/stephan/Desktop/students_16.05./23-05-15/Coverslip1 evoked spontan R3.stk", "shape": [3000, 460, 412], "mean": 2824.8129030885043, "std": 82.32794580048423}, "41": {"filepath": "/home/stephan/Desktop/students_16.05./23-05-15/Coverslip1 evoked spontan 3,5 Ca TTX R18.stk", "shape": [3000, 460, 412], "mean": 2938.4043653774447,